{
    "$schema": "https://schema.management.azure.com/schemas/2015-01-01/deploymentParameters.json#",
    "contentVersion": "1.0.0.0",
    "parameters": {
        "resourceName": {
            "value": "SonarQube"
        },
        "location": {
            "value": "eastus"
        },
        "dnsPrefix": {
            "value": "SonarQube-dns"
        },
        "agentCount": {
            "value": 3
        },
        "agentVMSize": {
            "value": "Standard_B2s"
        },
        "servicePrincipalClientId": {
            "value": null
        },
        "servicePrincipalClientSecret": {
            "value": null
        },
        "kubernetesVersion": {
            "value": "1.15.10"
        },
        "networkPlugin": {
            "value": "kubenet"
        },
        "enableRBAC": {
            "value": true
        },
        "enablePrivateCluster": {
            "value": false
        },
        "aadSessionKey": {
            "value": null
        },
        "enableHttpApplicationRouting": {
            "value": false
        },
        "vmssNodePool": {
            "value": true
        },
        "workspaceName": {
            "value": "DefaultWorkspace-7fe97651-1345-4e09-91d8-890d9726705d-EUS"
        },
        "omsWorkspaceId": {
            "value": "/subscriptions/7fe97651-1345-4e09-91d8-890d9726705d/resourcegroups/defaultresourcegroup-eus/providers/microsoft.operationalinsights/workspaces/defaultworkspace-7fe97651-1345-4e09-91d8-890d9726705d-eus"
        },
        "workspaceRegion": {
            "value": "eastus"
        },
        "principalId": {
            "value": "162e6548-8cb1-4d01-993a-f15db153a0c7"
        }
    }
}