{
    "$schema": "https://schema.management.azure.com/schemas/2015-01-01/deploymentParameters.json#",
    "contentVersion": "1.0.0.0",
    "parameters": {
        "resourceName": {
            "value": "SonarQube"
        },
        "location": {
            "value": "eastus"
        },
        "dnsPrefix": {
            "value": "SonarQube-dns"
        },
        "osDiskSizeGB": {
            "value": 0
        },
        "agentCount": {
            "value": 1
        },
        "agentVMSize": {
            "value": "Standard_B2s"
        },
        "servicePrincipalClientId": {
            "value": null
        },
        "servicePrincipalClientSecret": {
            "value": null
        },
        "osType": {
            "value": "Linux"
        },
        "kubernetesVersion": {
            "value": "1.15.10"
        },
        "networkPlugin": {
            "value": "kubenet"
        },
        "maxPods": {
            "value": 30
        },
        "enableRBAC": {
            "value": true
        },
        "vmssNodePool": {
            "value": true
        },
        "windowsProfile": {
            "value": false
        },
        "enablePrivateCluster": {
            "value": false
        },
        "aadSessionKey": {
            "value": null
        },
        "enableHttpApplicationRouting": {
            "value": false
        },
        "enableOmsAgent": {
            "value": true
        },
        "workspaceRegion": {
            "value": "eastus"
        },
        "workspaceName": {
            "value": "DefaultWorkspace-7fe97651-1345-4e09-91d8-890d9726705d-EUS"
        },
        "omsWorkspaceId": {
            "value": "/subscriptions/7fe97651-1345-4e09-91d8-890d9726705d/resourceGroups/DefaultResourceGroup-EUS/providers/Microsoft.OperationalInsights/workspaces/DefaultWorkspace-7fe97651-1345-4e09-91d8-890d9726705d-EUS"
        },
        "omsSku": {
            "value": "standalone"
        },
        "principalId": {
            "value": "dcf164b2-0a5e-44e8-b247-8a22dad268a3"
        }
    }
}